Artifact ID,Conference,Evaluator,Paper title,Artifact app. link,Artifact link,badge,comments,metadata found,New URL,artifact found,artifact complete,Outcome,candidate,docker image,docker build code,conda/mamba/Jupyter/pyenv,requirements.txt,bash scripts,rust scripts,go scripts,other,install fully scripted,built for reuse,pointer to paper from artifact,pointer to artifact from paper,CPU,Mem,Disk,GPU,API,OS,Software,Topology,Changes needed
1,PETS 2025,Evaluator 1,Understanding Regional Filter Lists: Efficacy and Impact,,https://github.com/internet-sicherheit/Understanding-Regional-Filter-Lists-Efficacy-and-Impact-/tree/a47d0eebd0df9dd2c5e78ca92c7217eebdc6df94,F,,ARTIFACT-EVALUATION.md,,,,,,,,,,,,,,,,,,,,,,,,,,
2,PETS 2025,Evaluator 1,"Sheep's clothing, wolfish impact: Automated detection and evaluation of problematic 'allowed' advertisements",,https://github.com/Racro/AcceptableAds_PETS/tree/6a595bb33e0be56df1b2290fea8954f29c6da6e9,F,,ARTIFACT-EVALUATION.md,,,,,,,,,,,,,,,,,,,,,,,,,,
3,PETS 2025,Evaluator 1,Automating Governing Knowledge Commons and Contextual Integrity (GKC-CI) Privacy Policy Annotations with Large Language Models,,https://github.com/JakeC007/Automated_GKC-CI_Privacy_Policy_Annotations/tree/6e964c98b148d51d9ccdbf6a0cf1f06d93217ec1,F,,ARTIFACT-EVALUATION.md,,,,,,,,,,,,,,,,,,,,,,,,,,
4,PETS 2025,Evaluator 1,RPKI-based Location-Unaware Tor Guard Relay Selection Algorithms,,https://github.com/z-lu2017/TOR-RPKI/tree/83c4c84affa967100966c318ce0e585d6d369c2b,F,,ARTIFACT-EVALUATION.md,,,,,,,,,,,,,,,,,,,,,,,,,,
50,PETS 2025,Evaluator 1,PrePaMS: Privacy-Preserving Participant Management System for Studies with Rewards and Prerequisites,,https://github.com/vs-uulm/prepams/tree/pets25.1,R,,ARTIFACT-EVALUATION.md,,y,y,10m,y,y,,,,y,,,Popper,y,n,y,y,4,2GB,9GB,no,not-found,64-bit Linux,"Docker, Popper",topo.16.64.200.py,"docker, popper"
6,PETS 2025,Evaluator 1,Time-Efficient Locally Relevant Geo-Location Privacy Protection,,https://github.com/chenxiunt/LocalRelevant_Geo-Obfuscation/tree/ebcd8afa1715e42baf29d21096e58c9365171cc1,F,,ARTIFACT-EVALUATION.md,,,,,,,,,,,,,,,,,,,,,,,,,,
56,PETS 2025,Evaluator 1,AlphaFL: Secure Aggregation with Malicious¬≤ Security for Federated Learning against Dishonest Majority,,https://github.com/Barkhausen-Institut/AlphaFL/tree/555426323ddbc2d0f463a5b84d3f8b2a9be3f231,R,,ARTIFACT-EVALUATION.md,,y,y,10m,y,,,,,y,,,,n,y,y,y,2,8-128,8,no,not-found,"Ubuntu 24.04, Ubuntu 22.04","MP-SPDZ v0.3.9, automake, build-essential, clang, cmake, git, libboost-dev, libboost-all-dev, libgmp-dev, libntl-dev, libsodium-dev, libssl-dev, libtool, libomp-dev, python3, numpy, pandas, matplotlib",topo.16.64.200.py,small changes to install packages
64,PETS 2025,Evaluator 1,Estimating Group Means Under Local Differential Privacy,,https://github.com/mad-lab-fau/ldp-group-mean/tree/9fe89f92f36af8973e6b59115030ac75d8f3cdac,R,,ARTIFACT-EVALUATION.md,,y,y,10m,y,,,,,,,,Poetry,y,n,y,n,4,16,not-found,no,not-found,Linux,"Python 3.9/3.10, Poetry, LaTeX (texlive-latex-recommended, cm-super, texlive-science, texlive-fonts-extra, dvipng), pipx, mpi4py, PostgreSQL",topo.16.64.200.py,
21,PETS 2025,Evaluator 1,Onion-Location Measurements and Fingerprinting,,https://github.com/pylls/ol-measurements-and-fp/tree/6fe53382235abc5daec8b7e6649f523fa78ce01c,R,,ARTIFACT-EVALUATION.md,,y,y,10m,y,,,,y,y,,,,n,y,y,y,not-found,not-found,45,yes,not-found,"Windows, Linux","Python, Pytorch, pip, git",topo.16.64.200.py,
10,PETS 2025,Evaluator 1,SoK: (Un)usable Privacy: the Lack of Overlap between Privacy-Aware Sensing and Usable Privacy Research,,https://github.com/ISC-Lab/sok_artifact/,R,commit link,README.md,,y,y,1h,y,,,y,,,,,,n,n,n,n,not-found,not-found,0.2,no,not-found,not-found,"Mamba, Anaconda, scikit-learn",topo.basic.py,"install mamba globally, initialize shell, still ran into python picke error, needed git-lfs"
11,PETS 2025,Evaluator 1,Echoes of Privacy: Uncovering the Profiling Practices of Voice Assistants,,https://github.com/NEU-SNS/voice-assistants-pets25/tree/59ec90ef31d7b753b09a1a9fa2da3ecc68612af1,F,,README.md,,,,,,,,,,,,,,,,,,not-found,16GB,30GB,yes,not-found,not-found,"Python, pip, requirements.txt",,
26,PETS 2025,Evaluator 1,Differentially Private Release of Hierarchical Origin/Destination Data with a TopDown Approach,,https://github.com/aidaLabDEI/TDA_hierarchical/tree/6f8d70bf6d5ef2b39cd099c65d3c4b4160231d73,R,,README.md,,y,y,1h,y,,,y,,,,,,n,y,n,y,not-found,not-found,not-found,not-found,not-found,not-found,"Conda, Python, Jupyter Notebook, Shell",topo.1.16.30.py,
13,PETS 2025,Evaluator 1,"Do It to Know It"": Reshaping the Privacy Mindset of Computer Science Undergraduates""",,https://github.com/MaishaB/undergraduate-privacy-curriculum/tree/0a7f27a8b4220298040323fb100daa658583717b,F,,ARTIFACT-EVALUATION.md,,,,,,,,,,,,,,,,,,not-found,8,5,no,not-found,MacOS Sonoma,"Golang, Docker, Git, Rust, cmake, python, LaTeX, Wireshark",,
14,PETS 2025,Evaluator 1,DB-PAISA: Discovery-Based Privacy-Agile IoT Sensing+Actuation,,https://github.com/sprout-uci/DB-PAISA/tree/5f1eaf424eb8734dce78c71422e25ea938ca747e,F,,README.md,,,,,,,,,,,,,,,,,,,,,,,,,,
55,PETS 2025,Evaluator 1,EpiOracle: Privacy-Preserving Cross-Facility EarlyWarning for Unknown Epidemics,,https://github.com/Yuan-Zhang-uestc/EpiOracleCode/commit/3ccebbf25539a7847b1bfd42a44af03e454a1eab,R,commit link,ARTIFACT-EVALUATION.md,,y,y,1h,y,,,,,y,,,README,n,n,n,y,not-found,16 GB,not-found,no,not-found,not-found,"MySQL 9.0, Java, Bash, EpiOracle/lib packages",topo.16.64.200.py,"readme, needed fixing java and installing mysql and fixing privileges"
16,PETS 2025,Evaluator 1,"WatchWitch: Interoperability, Privacy, and Autonomy for the Apple Watch",,https://github.com/seemoo-lab/watchwitch/tree/a4f77b704274f6e1f1e0e8319bf6c0d6465687e5,F,,README.md,,,,,,,,,,,,,,,,,,,,,,,,,,
59,PETS 2025,Evaluator 1,OPPID: Single Sign-On with Oblivious Pairwise Pseudonyms,,https://github.com/jmakr0/OPPID-artifacts/tree/artifact-review,R,,ARTIFACT-EVALUATION.md,,y,y,"1h, needs specific Go version",y,,,,,,,y,,y,y,y,y,not-found,not-found,not-found,no,not-found,Linux/macOS,"Go (v1.23+), Docker, cloudflair/circle, gnark, git",topo.basic.py,install go
60,PETS 2025,Evaluator 1,VIMz: Private Proofs of Image Manipulation using Folding-based zkSNARKs,,https://github.com/zero-savvy/vimz/tree/9505c178cd7767bdbd74857617a6968df699d8de,R,,README.MD,,y,y,10m,y,,,,,y,y,y,,n,y,y,y,not-found,10 GB,not-found,no,not-found,Ubuntu 22.04,"Node JS, snarkjs, Rust, gcc, build-essential, nlohmann-json3-dev, libgmp3-dev, nasm, Circom, Time, Python",topo.16.64.200.py,npm bc nodejs
19,PETS 2025,Evaluator 1,Message Authentication Code with Fast Verification over Encrypted Data and Applications,,https://github.com/ASEC-lab/auth-HE-retrieval/tree/876daf9bccc075b9e04ff071d4bb23093a710186,F,,ARTIFACT-EVALUATION.md,,,,,,,,,,,,,,,,,,,,,,,,,,
20,PETS 2025,Evaluator 1,Intractable Cookie Crumbs: Unveiling the Nexus of Stateful Banner Interaction and Tracking Cookies,,https://github.com/bannerclick/bannerclick/tree/v0.26.0_pets25_artifact,F,,ARTIFACT-EVALUATION.md,,,,,,,,,,,,,,,,,,not-found,not-found,150,not-found,not-found,not-found,tar,,
22,PETS 2025,Evaluator 1,Unmasking the Shadows: A Cross-Country Study of Online Tracking in Illegal Movie Streaming Services,,https://edmond.mpg.de/dataset.xhtml?persistentId=doi:10.17617/3.STVMDI,R,,ARTIFACT-EVALUATION.md,,y,y,1h,y,,,y,y,y,,,,n,y,y,n,not-found,not-found,150,not-found,not-found,not-found,tar,topo.16.64.200.py,"lots of data wrangling, 2/3 of scripts work, needed support for --headless and some Linux packages"
63,PETS 2025,Evaluator 1,Sybil-Resistant Parallel Mixnets,,https://github.com/maya-kleinstein/Sybil-Resistant-Mixnet/tree/artifact,R,,ARTIFACT-EVALUATION.md,,y,y,30m,y,,y,,,,y,,,y,y,y,y,4 per node (64 for setup),50,<0.01,no,not-found,Linux (x86_64-unknown-linux-gnu),"Rust, Python3, cargo, protobuf-compiler, Slurm, Docker",topo.16.64.200.py,install rust and cargo and set up
62,PETS 2025,Evaluator 1,PrivDiffuser: Privacy-Guided Diffusion Model for Data Obfuscation in Sensor Networks,,https://github.com/sustainable-computing/PrivDiffuser/tree/26b17a921274b0224e8985d6be10945aedeb360f,R,,ARTIFACT-EVALUATION.md,,y,y,1h,y,y,y,y,y,,,,,y,y,y,y,not-found,16,20,no,not-found,Ubuntu 20.04,"Python 3.8, Git LFS, Docker, miniconda, TensorFlow, PyTorch, Jupyter Lab",topo.1.16.100.py,"docker needs disk space, tried 100GB, still complained. Docker tries to get conda, conda also needed terms of service accepted, conda worked"
24,PETS 2025,Evaluator 1,SpinML: Customized Synthetic Data Generation for Private Training of Specialized ML Models,,https://github.com/bitzj2015/SpinML-Artifact/tree/f34b9a9ae65af22db10b799c1824677fef852585,F,,README.md,,,,,,,,,,,,,,,,,,not-found,not-found,not-found,no,not-found,Linux,"OpenSSL, Eigen, NVCC, CUTLASS, Python, PyTorch, numpy, MP-SPDZ, Docker, GCC, Make, FlexNN, Pygeon",,
7,PETS 2025,Evaluator 1,SoK: Descriptive Statistics Under Local Differential Privacy,,https://github.com/mad-lab-fau/sok-ldp-data-analysis/tree/df6372a45b9c98ae093cc48afe43c9b5aff29f33,R,,ARTIFACT-EVALUATION.md,,y,y,5m,y,,,,,,,,Poetry,y,y,y,n,16,64,2.5,not-found,not-found,Linux,"Python 3.9/3.10, Poetry, LaTeX, dvipng, pipx, mpi4py",topo.16.64.200.py,
12,PETS 2025,Evaluator 1,Unveiling Client Privacy Leakage from Public Dataset Usage in Federated Distillation,,https://github.com/horanshi/Privacy_PDAFD/tree/6d327dcaa861a9ab7fd54af75dc79e4c18871604,R,,ARTIFACT-EVALUATION.md,,y,y,5m,y,,,,y,,,,,y,y,y,n,not-found,16GB,30GB,yes,not-found,not-found,"Python, pip, requirements.txt",topo.1.16.30.py,
25,PETS 2025,Evaluator 1,PIGEON: A High Throughput Framework for Private Inference of Neural Networks using Secure Multiparty Computation,,https://github.com/chart21/hpmpc/tree/a07c3ff0b39222afe092231fd5ac25b8cae7ed7f,R,,README.md,,y,y,5m,y,,y,,y,y,,,,y,y,n,y,not-found,not-found,not-found,no,not-found,Linux,"OpenSSL, Eigen, NVCC, CUTLASS, Python, PyTorch, numpy, MP-SPDZ, Docker, GCC, Make, FlexNN, Pygeon",topo.basic.py,
39,PETS 2025,Evaluator 1,A non-comparison oblivious sort and its application to private k-NN,,https://github.com/sofianeazogagh/knn/tree/v2,R,,ARTIFACT-EVALUATION.md,,y,y,5m,y,,,,,,y,,,y,y,y,y,12,32GB,10GB,no,tfhe-rs,not-found,rustc 1.85.0-nightly,topo.16.64.200.py,
43,PETS 2025,Evaluator 1,Enhancing Metric Privacy With a Shuffler,,https://github.com/andathan/metric_privacy_shuffle_model/tree/metric_shuffle_code_2,R,,README.md,,y,y,5m,y,,,,,,,,README,n,y,n,n,not-found,not-found,not-found,no,not-found,Linux,"python3, pandas, numpy, scipy, matplotlib, mpmath",topo.basic.py,
30,PETS 2025,Evaluator 1,Learning Privacy from Visual Entities,,https://github.com/graphnex/privacy-from-visual-entities/tree/ac9322e7c7b7860d8eea3b6ea9830518fa31c4ef,F,,README.md,,,,,,,,,,,,,,,,,,8,16,2,no,not-found,Linux,"ABY framework, Python 3 (>",,
31,PETS 2025,Evaluator 1,Improving the Performance and Security of Tor‚Äôs Onion Services,,https://github.com/BARC-Purdue/CenTor/tree/d2a9efe839df73de7aee87a317a8725b391e0042,F,,README.md,,,,,,,,,,,,,,,,,,not-found,not-found,not-found,not-found,not-found,not-found,"Docker, Docker Compose, Rust, rustc, cargo",,
32,PETS 2025,Evaluator 1,Are Neuromorphic Architectures Inherently Privacy-preserving? An Exploratory Study,,https://github.com/AyanaMoshruba/Neuromorphic_Privacy/tree/640708de29d6c8744397394b6f210975c34a53a7,F,,ARTIFACT-EVALUATION.md,,,,,,,,,,,,,,,,,,64,125GiB,1 GB,not-found,not-found,"macOS, Linux, or Unix-like OS","Rust, build-essential, git, curl",,
33,PETS 2025,Evaluator 1,High-Throughput Secure Multiparty Computation with an Honest Majority in Various Network Settings,,https://github.com/chart21/hpmpc/tree/334f71c7986630cadb43dbbb8c6c7fba7f060809,F,,README.md,,,,,,,,,,,,,,,,,,,,,,,,,,
46,PETS 2025,Evaluator 1,"Navigating Social Media Privacy: Awareness, Preferences, and Discoverability",,https://github.com/STEELISI/Social-Media-Privacy-Awareness-Preferences-Discoverability/tree/81bf39637d8877b23ab6a881c9941e1013c5a651,R,,README.md,,y,y,5m,y,,,y,,,,,,n,y,y,n,not-found,not-found,700KB,no,not-found,"MAC, Linux, Windows","Python 3.8.11, pyenv, Jupyter Notebook, VS Code, numpy, pandas, matplotlib, statsmodels, ipykernel",topo.basic.py,"python3-venv, change python to python3"
51,PETS 2025,Evaluator 1,"Okay Google, Where's My Tracker? Security, Privacy, and Performance Evaluation of Google's Find My Device Network",,https://github.com/seemoo-lab/Artifacts-for-Okay-Google-Where-is-My-Tracker/tree/pets25-artifact-evaluation,R,,ARTIFACT-EVALUATION.md,,y,y,5m,y,,,,y,,,,,y,n,y,n,not-found,not-found,0.4,no,Google Find My Device network,not-found,"Python 3.10, Google Chrome, Python packages (requirements.txt)",topo.basic.py,
36,PETS 2025,Evaluator 1,"Practical, Private Assurance of the Value of Collaboration via Fully Homomorphic Encryption",,https://github.com/Ryndalf/Label-Encrypted/tree/e205bbf07135fb917536ba9383988a89a328d60c,F,,README.md,,,,,,,,,,,,,,,,,,,,,,,,,,
8,PETS 2025,Evaluator 1,Efficient Verifiable Differential Privacy with Input Authenticity in the Local and Shuffle Model,,https://github.com/xQiratNL/VLDP/tree/v1.1.0,R,,README.md,,y,y,5m,y,,y,y,y,,y,,,y,y,y,y,not-found,not-found,not-found,not-found,not-found,"Linux, Windows","Docker, Docker Desktop, Docker Engine, Docker Compose, Rust, Python, Jupyter Notebook, Git",topo.16.64.200.py,install rust
38,PETS 2025,Evaluator 1,GNNBleed: Inference Attacks to Unveil Private Edges in Graphs with Realistic Access to GNN Models,,https://github.com/szyszyzys/GNNBleed/tree/77a91ddcb61c7d0ea145b303c8ce305a8e4d3961,F,,ARTIFACT-EVALUATION.md,,,,,,,,,,,,,,,,,,4,16,2,no,not-found,not-found,"git, docker, docker-buildx, cmake, make, python3",,
9,PETS 2025,Evaluator 1,Optimal Piecewise-based Mechanism for Collecting Bounded Numerical Data under Local Differential Privacy,,https://github.com/ZhengYeah/Optimal-GPM/releases/tag/v1.0.0,R,zip,ARTIFACT-EVALUATION.md,,y,y,5m,y,,,,,,,,uv,y,y,n,y,not-found,16gb,0.35gb,no,not-found,"Windows, Linux, macOS","Python, uv, git, matplotlib, PyCharm",http://topo.16.64.py/,"works with older python, solved by changing pyproject.toml"
28,PETS 2025,Evaluator 1,Estimating Group Means Under Local Differential Privacy,,https://github.com/mad-lab-fau/ldp-group-mean/tree/9fe89f92f36af8973e6b59115030ac75d8f3cdac,R,,ARTIFACT-EVALUATION.md,,y,y,5m,y,,,,,,,, poetry,y,y,y,n,4,16GB,not-found,no,PhysioNet (MIMIC-IV),Linux,"Python 3.9 or 3.10, Poetry, pipx, texlive-latex-recommended, cm-super, texlive-science, texlive-fonts-extra, dvipng, mpi4py, PostgreSQL",topo.16.64.200.py,
35,PETS 2025,Evaluator 1,Mastic: Private Weighted Heavy-Hitters and Attribute-Based Metrics,,https://github.com/TrustworthyComputing/mastic/tree/pets-2025.1,R,,README.md,,y,y,5m,y,,y,,,,y,,,y,y,y,y,4,16,not-found,not-found,not-found,not-found,"Docker, Docker Compose, Rust, rustc, cargo",topo.basic.py,
45,PETS 2025,Evaluator 1,Searchable Encryption for Conjunctive Queries with Extended Forward and Backward Privacy,,https://github.com/MonashCybersecurityLab/SDSSE/tree/v1.0.0-paper,R,,README.md,,y,y,30m,y,,,,,y,,,,y,y,y,n,not-found,not-found,not-found,not-found,not-found,Ubuntu version >,"Git, gcc/g++, cmake, openssl, PBC version 0.5.14, Docker",topo.basic.py,"docker had permission issues, on bare metal dependent software had to be manually installed"
41,PETS 2025,Evaluator 1,Aimless Onions: Mixing without Topology Information,,https://github.com/kit-ps/aimless-onions/tree/b6774e5ff14b9c6f2ed1dbd834ef6969bcfbd24b,R,,ARTIFACT-EVALUATION.md,,y,y,5m,y,, y,,y,,y,,,y,y,y,y,not-found,4,5,no,not-found,"Linux (Fedora 42, Debian 12)","Python 3.9, matplotlib, jupyter, Rust (nightly), curl, wget, tcpdump, iproute2, tor, docker, podman",topo.16.64.200.py,
5,PETS 2025,Evaluator 1,The Last Hop Attack: Why Loop Cover Traffic over Fixed Cascades Threatens Anonymity,,https://github.com/Ti-ger/Last_Hop_Attack/tree/2e5ea768949f8689c9320d4f5d2002ff6b20e34c,R,,README.md,,y,y,8m,y,y,y,,,,,,,y,y,n,y,not-found,not-found,not-found,no,not-found,not-found,"Python3, numpy, Docker, git",topo.basic.py,install numpy
40,PETS 2025,Evaluator 1,MultiCent: Secure and Scalable Computation of Centrality Measures on Multilayer Graphs,,https://github.com/encryptogroup/MultiCent/tree/v0.1.1,R,,ARTIFACT-EVALUATION.md,,y,y,"NO: does not run within 1h, library dependency",y,y,y,,,,,,,n,y,y,n,4,16,2,no,not-found,not-found,"git, docker, docker-buildx, cmake, make, python3",topo.16.64.200.py,
42,PETS 2025,Evaluator 1,Real-world Deniability in Messaging,,https://github.com/si-co/rwdm/tree/c81cb1d1517dc59bef1156934ebeee61129d11f6,R,,README.md,,y,y,"NO: does not run within 1h, one script runs one breaks",y,,,,,,,,two python files,y,n,n,n,not-found,not-found,not-found,no,https://entscheidsuche.ch/,not-found,"Python 3.12.6, requests 2.32.3",topo.basic.py,
47,PETS 2025,Evaluator 1,Johnny Can't Revoke Consent Either: Measuring Compliance of Consent Revocation on the Web,,https://github.com/Gayatri-Priyadarsini/Measuring-Compliance-of-Consent-Revocation-on-the-Web/tree/03a8c9bc38b289d32cade782ed95dca25a9a0861,F,,ARTIFACT-EVALUATION.md,,,,,,,,,,,,,,,,,,not-found,not-found,not-found,not-found,not-found,Linux (Debian-based),"curl, gcc, make, git, opam, proverif (commit cc4f8cde5)",,
37,PETS 2025,Evaluator 1,MProve-Nova: A Privacy-Preserving Proof of Reserves Protocol for Monero,,https://github.com/varunthakore/mprove-nova/tree/af9ed3424b523e86df161969cd4001e9e8e98417,R,,ARTIFACT-EVALUATION.md,,y,n,NO: error: failed to download `blake2b_simd v1.0.4`,y,,,,,,y,,,y,y,y,y,64,125GiB,1 GB,not-found,not-found,"macOS, Linux, or Unix-like OS","Rust, build-essential, git, curl",,
49,PETS 2025,Evaluator 1,Does Coding Style Really Survive Compilation? Stylometry of Executable Code Revisited,,https://github.com/sprlab/binary-stylometry/tree/artifact,F,,ARTIFACT-EVALUATION.md,,,,,,,,,,,,,,,,,,not-found,not-found,0.4,no,Google Find My Device network,not-found,"Python 3.10, Google Chrome, Python packages (requirements.txt)",,
48,PETS 2025,Evaluator 1,Vote&Check: Secure Postal Voting with Reduced Trust Assumptions,,https://inria.hal.science/hal-04813613,R,"weird platform, have to download zip to find out what's inside",README.md,,y,y,"NO: needed a few libraries and opam packages, in the end didn't run",y,,,,,,,,opam,n,y,y,y,not-found,not-found,not-found,not-found,not-found,Linux (Debian-based),"curl, gcc, make, git, opam, proverif (commit cc4f8cde5)",topo.16.64.200.py,
34,PETS 2025,Evaluator 1,Private Shared Random Minimum Spanning Forests,,https://github.com/MarianDietz/secure-msf/tree/v0.1,R,,ARTIFACT-EVALUATION.md,,y,y,10m,y,,,,,,,,Cmake,n,y,y,n,8,16,2,no,not-found,Linux,"ABY framework, Python 3 (>",twonode.py,lots of dependencies not listed but easy to install
52,PETS 2025,Evaluator 1,DiDOTS: Knowledge Distillation from Large-Language-Models for Dementia Obfuscation in Transcribed Speech,,https://github.com/domiwk/didots/tree/995364c938599cbdf4eb4384a7d701d2ee53c4a8,F,,ARTIFACT-EVALUATION.md,,,,,,,,,,,,,,,,,,,,,,,,,,
53,PETS 2025,Evaluator 1,Robust and Efficient Watermarking of Large Language Models Using Error Correction Codes,,https://github.com/luan-xiaokun/permumark/tree/c54393e523c0d14e65143331380a06a85744ffa6,F,,ARTIFACT-EVALUATION.md,,,,,,,,,,,,,,,,,,not-found,16 GB,not-found,no,not-found,not-found,"MySQL 9.0, Java, Bash, EpiOracle/lib packages",,
23,PETS 2025,Evaluator 1,SoK: Truncation Untangled: Scaling Fixed-Point Arithmetic for Privacy-Preserving Machine Learning to Large Models and Datasets,,https://github.com/chart21/hpmpc/blob/7c4132243abf11c940b2a70aad875a6be6912402/measurements/configs/artifacts/truncation/ARTIFACT_EVALUATION.md,R,,ARTIFACT_EVALUATION.md,,y,y,10m,y,,y,,,,,,,n,y,n,y,16,64,not-found,no,not-found,Debian-based,"gcc-12, g++-12, libeigen3-dev, libssl-dev, git, vim, ca-certificates, python3, jq, bc, build-essential, iproute2, iperf, Docker, python3-pip, gdown, paramiko, matplotlib, pandas, texlive-full",fournode.py,
15,PETS 2025,Evaluator 1,PrivacyGuard: Exploring Hidden Cross-App Privacy Leakage Threats In IoT Apps,,https://github.com/PrivacyGuard-PETS/PrivacyGuard/tree/f9ad12ccbef7eb32e205abccfa7b64258a00e253,R,,README.md,,y,y,"needs gui, cannot run",n,,,,,,,,,,,,,not-found,3,1.5,no,not-found,"macOS, Linux","Docker, XQuartz, Xhost, Python, Groovy, git, wget, unzip",topo.basic.py,
58,PETS 2025,Evaluator 1,Topology-Based Reconstruction Prevention for Decentralised Learning,,https://data.4tu.nl/datasets/da119685-3288-4869-88c7-f8138066df66,R,"weird platform, have to download zip to find out what's inside",ARTIFACT-EVALUATION.md,,y,y,needs Matlab and it is hard to work with without GUI,n,,,,,,,,,,,,,"8, 16, 32, 48",36-69,0.717,no,not-found,not-found,"MATLAB R2023a+, MATLAB Parallel Computing Toolbox, MATLAB Statistics and Machine Learning Toolbox, Customizable Heat Maps, Fast Reduced Row Echelon Form",topo.16.64.200.py,
57,PETS 2025,Evaluator 1,Noiseless Privacy-Preserving Decentralized Learning,,https://github.com/sacs-epfl/shatter/tree/shatter-pets-2025,F,,ARTIFACT-EVALUATION.md,,,,,,,,,,,,,,,,,,"8, 16, 32, 48",36-69,0.717,no,not-found,not-found,"MATLAB R2023a+, MATLAB Parallel Computing Toolbox, MATLAB Statistics and Machine Learning Toolbox, Customizable Heat Maps, Fast Reduced Row Echelon Form",,
44,PETS 2025,Evaluator 1,Stochastic Models for Remote Timing Attacks,,https://github.com/Asterius27/SecPerf-Artifacts/tree/c31491f2cd8a1fa8c4557ecaa90f1e7d6ac90e7b,R,,README.md,,y,y,needs Matlab and it is hard to work with without GUI,n,,,,,,,,,,,,,not-found,not-found,minimal,no,not-found,not-found,"MATLAB, Simulink, Symbolic Math Toolbox, Python, numpy, pandas, scipy, playwright, k6, WordPress, HotCRP, Chrome",topo.basic.py,
29,PETS 2025,Evaluator 1,Understanding Privacy Norms through Web Forms,,https://github.com/UCI-Networking-Group/webform/tree/PoPETs-AE-v1,R,,ARTIFACT-EVALUATION.md,,y,y,needs Matlab and it is hard to work with without GUI,n,,,,,,,,,,,,,not-found,not-found,25,yes,commercial APIs,"Debian GNU/Linux 12, macOS 14.6","NVIDIA driver, Conda, Git, zstd, sqlite3, tar, Python, NodeJS, npm, playwright, PoliGraph, Jupyter notebook",topo.16.64.200.py,
17,PETS 2025,Evaluator 1,Janus: Fast Privacy-Preserving Data Provenance For TLS,,https://github.com/jplaui/janus_artifacts/tree/a2390d6c69cff7a1b73e87b96ac4a05e70fcb55d,R,,README.md,,y,y,"NO: go seems to have evolved, crashes in build",y,,y,,,,,y,,n,y,n,w,not-found,8,5,no,not-found,MacOS Sonoma,"Golang, Docker, Git, Rust, cmake, python, LaTeX, Wireshark",topo.16.64.200.py,"one part needs go 1.23 exactly, go seems to have evolved"
65,PETS 2025,Evaluator 1,PGUP: Pretty Good User Privacy for 5G-enabled Secure Mobile Communication Protocols,,https://github.com/YYangNUS/PETS_PGUP/tree/e2e46ab3f6c3664fd7e548ad838cf093cc71fb95,R,,README.md,,y,y,"needs software defined radio, cannot run",n,,,,,,,,,,,,,8,32GB,not-found,no,not-found,Ubuntu 22.04 LTS,"OpenAirInterface, Docker, g++, libssl, libcrypto, libcryptopp",topo.16.64.200.py,
18,PETS 2025,Evaluator 1,TEEMS: A Trusted Execution Environment based Metadata-protected Messaging System,,https://git-crysp.uwaterloo.ca/iang/teems/src/popets-artifact/ARTIFACT-EVALUATION.md,R,,ARTIFACT-EVALUATION.md,,y,y,"needs Intel w SGX and 80 cores, cannot run",n,,,,,,,,,,,,,80,20GB,4GB,no,not-found,Ubuntu 22.04 (Linux kernel 5.11+),"docker, cpuid, aesmd service",,
27,PETS 2025,Evaluator 1,Locally Differentially Private Frequency Estimation via Joint Randomized Response,,https://github.com/ZhengYeah/JRR/releases/tag/v1.0.0,R,zip,ARTIFACT-EVALUATION.md,,y,y,needs Matlab and it is hard to work with without GUI,n,,,,,,,,,,,,,>500,500GB,1000GB,no,Google BigQuery,"Windows 11, Ubuntu 20.04, Ubuntu 24.01","Python 3.x, Conda, PostgreSQL, Google Chrome, Git, Rust, OpenWPM, xRDP",,
54,PETS 2025,Evaluator 1,HyDia: FHE-based Facial Matching with Hybrid Approximations and Diagonalization,,https://github.com/n7koirala/image_matching/tree/1a2f0ab9457a5b1eb4461aa6af8a0ae8ae4a5ac9,R,,ARTIFACT-EVALUATION.md,,y,y,NO: runs but throws exception,y,,y,,,,,,,y,y,y,y,48,128GB,40GB,no,not-found,Linux (Ubuntu > 20.04),"Docker, OpenFHE, Python libraries",topo.16.64.200.py,didn't work on basic VM but worked easily on beefy one
61,PETS 2025,Evaluator 1,Client-Efficient Online-Offline Private Information Retrieval,,https://github.com/vt-asaplab/pirex/tree/85090c619abbe2446c9b675a661ea0af322ab2c1,R,,ARTIFACT-EVALUATION.md,,y,y,10m,y,,,,,,y,,,n,y,y,y,8,16,1000,no,not-found,Ubuntu,"rust, cargo, libsecp256k1, libtool, automake, build-essential, python3, curl, autoconf, make",topo.16.64.200.py,required small mod to point to data file under another dir
66,PETS 2025,Evaluator 1,DiffPrivate: Facial Privacy Protection with Diffusion Models,,https://github.com/minha12/DiffPrivate/tree/4f7e86c7308b4b09e04f1a619ec5e7c9afa0b939,F,,ARTIFACT-EVALUATION.md,,,,,,,,,,,,,,,,,,,,,,,,,,
67,PETS 2025,Evaluator 1,Hypersphere Secure Sketch Revisited: Probabilistic Linear Regression Attack on IronMask in Multiple Usage,,https://github.com/page0egap/probabilistic-linear-regression-attack-hypersphere-secure-sketch/tree/056cd39eaa2b52e400738dce0e039687b6ec7530,F,,ARTIFACT-EVALUATION.md,,,,,,,,,,,,,,,,,,,,,,,,,,
68,PETS 2025,Evaluator 1,Maliciously Secure Circuit Private Set Intersection via SPDZ-Compatible Oblivious PRF,,https://github.com/liang-xiaojian/McPSI/tree/4a1a3c0b9fcf6375e9c31849c34e389aa79920b9,F,,README.md,,,,,,,,,,,,,,,,,,,,,,,,,,
,,,,,,,,,,,,,,,,,,,,,,,,,,,,,,,,,,
54,ACSAC 2024,Evaluator 2,BlueScream: Screaming Channels on Bluetooth Low Energy,https://secartifacts.github.io/acsac2024/results,https://github.com/pierreay/screaming_channels_ble/blob/main/docs/demo_20240828_acsac/README.md,R,"under subdirectory of github repo, require extra download from zenodo via curl/wget",README.md,,y,y,40min,y,,y,,,,,,,n,y,n,y,not-found,not-found,8GB,no,not-found,Ubuntu in docker,"Docker, python, soapysdr",A51topo.py,"install docker, buildx"
53,ACSAC 2024,Evaluator 1,Practical Light Clients for Committee-Based Blockchains,https://secartifacts.github.io/acsac2024/results,https://anonymous.4open.science/r/research-project-G8KJ41/,R,NOT FOUND,,"NOT IN PAPER, claims it will",n2,x,not-found,,,,,,,,,,,,,,,,,,,,,,
52,ACSAC 2024,Evaluator 1,Adversarially Guided Stateful Defense Against Backdoor Attacks in Federated Deep Learning,https://secartifacts.github.io/acsac2024/results,https://github.com/anonymous-anonymous-dev/AGSD.git,R,NOT FOUND,,https://github.com/hassanalikhatim/AGSD,y2,n,"NO: missing data, installs in 10m but doesn't run",y,,,y,,,,,,y,n,w,y,,,,,,,,,
51,ACSAC 2024,Evaluator 2,I Can Show You the World (of Censorship): Extracting Insights from Censorship Measurement Data Using Statistical Techniques,https://secartifacts.github.io/acsac2024/results,https://github.com/censorship-event-detection/acsac-censorship-event-detection,R,,README.md,,y,y,15m,y,,,,y,,,,,y,n,n,y,,,,,,macOS/Linux,Python 3.9,A51topo.py,
50,ACSAC 2024,Evaluator 2,I'll Be There for You! Perpetual Availability in the A^8 MVX System,https://secartifacts.github.io/acsac2024/results,https://1drv.ms/u/s!AhnNtaOjydZKb1_xHC_42hvxojw?e=csCS2o,R,zip on Onedrive,README.pdf,,y,y,1h,y,,,,y,y,,,README,n,y,n,n,,,,,,Linux (Ubuntu),"kernel module, libconfig, criu, libvma, build-essential",A50topo.py,"Edit configuration files for IP addresses, a lot of compile, changing bootstrap shell script to resolve rpl [-R] error, manual run pip3 install for requirement stuck on XDC, hand debug compile error, manual kernel module insertion (insmod)"
49,ACSAC 2024,Evaluator 1,CryptoPyt: Unraveling Python Cryptographic APIs Misuse With Precise Static Taint Analysis,https://secartifacts.github.io/acsac2024/results,https://anonymous.4open.science/r/cryptopyt-1CC6/README.md,R,NOT FOUND,,"1. CryptoPyt is available at https://github.com/cryptopyt/cryptopyt 2. PCAMD is available at https://github.com/cryptopyt/PCAMD, but EMPTY user dir, no repos",n2,x,not-found,,,,,,,,,,,,,,,,,,,,,not-found,
48,ACSAC 2024,Evaluator 2,A Security Alert Investigation Tool Supporting Tier 1 Analysts in Contextualizing and Understanding Network Security Events,https://secartifacts.github.io/acsac2024/results,https://gitlab.tue.nl/aiss,R,README overlapped and has multiple ones in different subdirectories ,README.md,,y-but-effort,y,need virtualbox for VM install,n,,,,,,,,VM image,n,n,,,4 cores,16GB (10 GB min),,,,VirtualBox .ova,"Security Onion, AISS",Single VM,
47,ACSAC 2024,Evaluator 2,SECvma: Virtualization-based Linux Kernel Protection for Arm,https://secartifacts.github.io/acsac2024/results,https://github.com/ae-acsac24-44/acsac24-paper240-ae.git,R,,README.md,,y,y,need ARM architecture,n,,,,,y,,,VM image,n,n,,,>=2 cores,64GB,,,,Ubuntu 20.04,"build-essential, qemu-utils, u-boot-tools",Two physical Arm machines (server and client),
46,ACSAC 2024,Evaluator 1,TATTOOED: A Robust Deep Neural Network Watermarking Scheme based on Spread-Spectrum Channel Coding,https://secartifacts.github.io/acsac2024/results,https://anonymous.4open.science/r/tattooed_artifact_evaluation-7870/README.md,R,NOT FOUND,,NOT IN PAPER,n2,x,not-found,,,,,,,,,,,,,,,,,,,,,not-found,
45,ACSAC 2024,Evaluator 1,Leaky Autofill: An Empirical Study on the Privacy Threat of Password Managers' Autofill Functionality,https://secartifacts.github.io/acsac2024/results,https://github.com/Leaky-Autofill/LeakyAutofill-Artifact,R,,README.md,,y,y,need GUI for the run,n,,,,,,,,.ova VM,n,y,,,,16GB,512 GB,,,"Windows 11, macOS Monterey 12.7.4","Python 3.11, selenium, pywin32, loguru, psutil, Chrome, Firefox, Edge, Opera, Brave, Chromedriver, Geckodriver, Msedgedriver, VirtualBox",Single machine,
44,ACSAC 2024,Evaluator 2,ViTGuard: Attention-aware Detection against Adversarial Examples for Vision Transformer,https://secartifacts.github.io/acsac2024/results,https://gitfront.io/r/user-5409342/8LbaoHMLR6nL/ViTGuard/,R,NOT FOUND,,"NOT IN PAPER, claims it will",n,x,not-found,,,,,,,,,,,,,,,,,,,,,not-found,
43,ACSAC 2024,Evaluator 2,R+R: A Systematic Study of Cryptographic Function Identification Approaches in Binaries,https://secartifacts.github.io/acsac2024/results,https://github.com/cryptobinarybenchmark/CryptoBinary-Benchmarks,R,"NOT FOUND (repo exist no artifact eval related documentation, no ref on how to evaluate or even explaination to the code)",README.md,,n,x,not-found,,,,,,,,,,,,,,,,,,,,,not-found,
42,ACSAC 2024,Evaluator 2,Model-Manipulation Attacks Against Black-Box Explanations,https://secartifacts.github.io/acsac2024/results,https://github.com/achyuthegde/xai-backdoors-makrut,R,,README.md,,y,y,need GPU,n,,,y,,,,,,n,y,,,,64 GB RAM,, 4 NVIDIA RTX 4090 GPUs,,,,Single machine,
41,ACSAC 2024,Evaluator 2,Manifest Problems: Analyzing Code Transparency for Android Application Bundles,https://secartifacts.github.io/acsac2024/results,https://github.com/asit-fdraschbacher/artifacts_manifest_problems,R,,README.md,,y,y,need GUI and Andorid device,n,,,,,,,,step by step guide for adb and gui instructions,n,n,,,,8GB+,,,,Ubuntu or MacOS Sonoma,,Single machine,
40,ACSAC 2024,Evaluator 1 and Evaluator 2,FedCAP: Robust Federated Learning via Customized Aggregation and Personalization,https://secartifacts.github.io/acsac2024/results,https://github.com/Anonymouous0/FedCAP,R,NOT FOUND,,"NOT IN PAPER, but google search finds it at https://github.com/youpengl/FedCAP",y2,n,"NO: conda errors out, tried dockerfile, when ran, throws files not found error; turns out data is completely missing, /data dir containing only README that claims to have data in the dir but nothing found.",y,y,,y,,,,,,y,n,y,n,,,,,,,,not-found,
39,ACSAC 2024,Evaluator 2,BinHunter: A Fine-Grained Graph Representation for Localizing Vulnerabilities in Binary Executables,https://secartifacts.github.io/acsac2024/results,https://github.com/SimaArasteh/binhuntertool,R,DATA NOT FOUND,README.md,,y,n,NO: Missing data.zip to proceed (14min),y,,y,,y,,,,,n,n,y,y,12 cores,256 GB,,,,Linux,"Docker, python3-pip, requirements.txt dependencies, git, unzip",A39topo.py,install docker
38,ACSAC 2024,Evaluator 2,Privacy-Preserving Verifiable Neural Network Inference Service,https://secartifacts.github.io/acsac2024/results,https://github.com/vt-asaplab/vPIN/tree/ACSAC_2024,R,,README.md,,y,y,"25min? (rerun this when we have time, originally 1h+ when counting test run)",y,,,,y,,,,,y,y,y,y,,230GB,,,,,,A39topo.py,
37,ACSAC 2024,Evaluator 2,Efficient Secure Aggregation for Privacy-Preserving Federated Machine Learning,https://secartifacts.github.io/acsac2024/results,https://github.com/vt-asaplab/e-SeaFL/tree/ACSAC_2024,R,,README.md,,y,y,16min,y,,,,,y,,,,y,y,y,y,,,,,,,"Python 3.8+, C++, openssl",A39topo.py,
36,ACSAC 2024,Evaluator 2,FA-SEAL: Forensically Analyzable Symmetric Encryption for Audit Logs,https://secartifacts.github.io/acsac2024/results,https://github.com/BasantaChaulagain/faseal,R,,README.md,,y,y,13min,y,,,,y,,,,,n,n,n,y,,,,,,Ubuntu 20.04.06,"C++, Python3",A37topo.py,"change makefile, install python3-dev"
35,ACSAC 2024,Evaluator 2,R+R: Security Vulnerability Dataset Quality Is Critical,https://secartifacts.github.io/acsac2024/results,https://github.com/Anurag-Swarnim-Yadav/DatasetQuality,R,,README.md,,y,y,36 min,y,,,,y,,,,,n,y,y,y,,,,NVIDIA A100-SXM4-80GB(optional),,Linux,"Anaconda3 4.9.2, Conda 4.9.2, Python 3.10.12, Git, Pip",A35topo.py,Require manual install of uncompatible packages
34,ACSAC 2024,Evaluator 1,VaktBLE: A Benevolent Man-in-the-Middle Bridge to Guard against Malevolent BLE Connections,https://secartifacts.github.io/acsac2024/results,https://anonymous.4open.science/r/vaktble-ble-defender/,R,NOT FOUND,,https://github.com/asset-group/vakt-ble-defender,y2,y,Needs special hardware,n,,,,,y,,,,n,,,,,,,,,,,not-found,not-found
33,ACSAC 2024,Evaluator 2,Sidecar: Leveraging Debugging Extensions in Commodity Processors to Secure Software,https://secartifacts.github.io/acsac2024/results,https://github.com/kleftog/sidecar-ae,R,,README.md,,y,y,"Require Intel Processor Trace (PT), PTWRITE instruction or CoreSight STM",n,,,,,y,,,,n,y,,,Intel Processor Trace (PT) and specifically the x86 PTWRITE instruction,,,,,,,Single machine,Hardware setup
32,ACSAC 2024,Evaluator 1,Single Sign-On Privacy: We Still Know What You Did Last Summer,https://secartifacts.github.io/acsac2024/results,https://sso-privacy-leak.info/,R,NOT FOUND,,sso-privacy.me does not exist (link in paper),n,x,not-found,,,,,,,,,,,,,,,,,,,,,not-found,not-found
31,ACSAC 2024,Evaluator 2,Robust Device Authentication in Multi-Node Networks: ML-Assisted Hybrid PLA Exploiting Hardware Impairments,https://secartifacts.github.io/acsac2024/results,https://github.com/PLA-AP/PLA/tree/main,R,,README.md,,y,y,46min,y,,,y,,,,,,y,y,y,y,,,,,,Windows 11/Ubuntu 22.04,,Single machine,"install conda, effort needed to resolve install "
30,ACSAC 2024,Evaluator 2,No Leakage Without State Change: Repurposing Configurable CPU Exceptions to Prevent Microarchitectural Attacks,https://secartifacts.github.io/acsac2024/results,https://github.com/cispa/irqguard,R,,README.md,,y,y,"NO: segfault when insmod, second trial halts the machine, dmesg indicate it might require a Intel cpu, not declared in README (40min)",y,,,,,,,,README,n,n,y,y,Intel x86 (at least PMU v4),,,,,Ubuntu (tested up to Linux kernel 5.15.0),,,install header manually
29,ACSAC 2024,Evaluator 2,FreeAuth: Privacy-Preserving Email Ownership Authentication with Verification-Email-Free,https://secartifacts.github.io/acsac2024/results,https://anonymous.4open.science/r/freeauth-543F/,R,NOT FOUND,,https://github.com/freeauth/freeauth,y2,y,NO: docker build fails returns code 2,y,,y,,,y,,,,n,y,n,y,,,,,,,,A28topo.py,install docker
28,ACSAC 2024,Evaluator 2,R+R: Revisiting Graph Matching Attacks on Privacy-Preserving Record Linkage,https://secartifacts.github.io/acsac2024/results,https://anonymous.4open.science/r/graphMatching-EBE5/,R,,README.md,,y,y,1h 3 min,y,,y,,,,,,,y,n,y,w,,>400GB (recommended) 32 (min.),,CUDA GPU >= 24 GB VRAM (recommended) no (min.),,,,A28topo.py,"machine without gpu does not work with docker, mixed instructions are confusing."
27,ACSAC 2024,Evaluator 2,VIMU: Effective Physics-based Realtime Detection and Recovery against Stealthy Attacks on UAVs,https://secartifacts.github.io/acsac2024/results,https://github.com/wangwwno1/Project-VIMU,R,,README.md,,y,n,"require .ova VM, .ova files hosted on Baidu, which forces registration",n,,,,,,,,VIMU VM AND Baseline VM,n,y,,,,,40GB ,,,Ubuntu 18.04/20.04,,Multiple VMs,
26,ACSAC 2024,Evaluator 2,SpecCFA: Enhancing Control Flow Attestation/Auditing via Application-Aware Sub-Path Speculation,https://secartifacts.github.io/acsac2024/results,https://github.com/RIT-CHAOS-SEC/SpecCFA,R,,README.md,,y,y,"require Vivado, which need GUI",n,,,,,y,,,,n,n,,,,,,,,,,Single machine,
,,,,,,,,,,,,,,,,,,,,,,,,,,,,,,,,,,
,,,,,,,,,,,,,,,,,,,,,,,,,,,,,,,,,,
1,PETS 2020,Evaluator 1,PriFi: Low-Latency Anonymity for Organizational Networks,https://secartifacts.github.io/pets2020/results,https://github.com/dedis/prifi,R,README.md,,,y,y,5m,y,,y,,,,,y,,y,y,y,y,not-found,not-found,not-found,not-found,not-found,not-found,Go language (>,,
2,PETS 2020,Evaluator 1,dPHI: An improved high-speed network-layer anonymity protocol,https://secartifacts.github.io/pets2020/results,https://github.com/AlexB030/dPHI,R,README.md,,,y,y,20m,y,y,,,,y,,,,y,y,y,y,not-found,not-found,not-found,no,not-found,Ubuntu 18.04 Desktop,"build-essential, nasm, autoconf, libtool, git, Docker, Intel ISA-L crypto Library, curve25519-donna Library, Matlab",,"slight translation from their path to ours, runs w both Docker and without"
3,PETS 2020,Evaluator 1,Protecting against Website Fingerprinting with Multihoming,https://secartifacts.github.io/pets2020/results,https://github.com/sebhenri/HyWF,R,README.md,,,y,y,NO: python errored out,y,,,,y,,,,,y,y,y,y,not-found,not-found,not-found,not-found,not-found,not-found,"python 3.5, pip",,"python advanced, scikit-learn instead of sklearn, very manual install no scripts, just README, code breaks on scikit-learn, seems to error out"
4,PETS 2020,Evaluator 1,A Framework of Metrics for Differential Privacy from Local Sensitivity,https://secartifacts.github.io/pets2020/results,https://pleak.io/wiki/,F,"not git repo and indicates code access is protected, paper claims available but has no link",,,n,x,,,,,,,,,,,,,,,not-found,not-found,not-found,not-found,not-found,not-found,not-found,,
5,PETS 2020,Evaluator 1,https://github.com/amzn/differential-privacy-bayesian-optimization,https://secartifacts.github.io/pets2020/results,https://github.com/amzn/differential-privacy-bayesian-optimization,R,README.md,,,y,y,NO: python errored out,y,,,y,,,,,,y,y,y,n,not-found,not-found,not-found,yes,MXNet Gluon API,not-found,"Python 3.5/3.6/3.7, mxnet-cu92mkl, autodp, multiprocessing, psutil, botorch",,python errored out
6,PETS 2020,Evaluator 1,Secure Evaluation of Quantized Neural Networks,https://secartifacts.github.io/pets2020/results,https://github.com/anderspkd/SecureQ8,F,README.org,,,y,y,"NO: docker errors out during building, direct build also errors out on missing library even after it is installed",n,,y,,,,,,,y,y,,,36,not-found,not-found,no,not-found,Linux (Ubuntu 18.04+ or Amazon Linux 2),"Docker, Google flatbuffers, MP-SPDZ, Python, SSH",,docker errors out during building
7,PETS 2020,Evaluator 1,Tik-Tok: The Utility of Packet Timing in Website Fingerprinting Attacks,https://secartifacts.github.io/pets2020/results,https://github.com/msrocean/Tik_Tok,R,README.md,,,y,y,need GPU,n,,,,,,,,,,,,,not-found,not-found,not-found,yes,not-found,Ubuntu 16.04.5,"Python 3.6.x, Python3-venv, Keras 2.3.0, TensorFlow 1.14.0, CUDA 10.2, CuDNN 7",,
8,PETS 2020,Evaluator 1,Website Fingerprinting with Website Oracles,https://secartifacts.github.io/pets2020/results,https://github.com/pylls/wfwo,R,README.md,,,y,y,need GPU,n,,,,,,,,,,,,,not-found,not-found,not-found,yes,not-found,not-found,"Python 3.7.4, numpy, matplotlib",,
9,PETS 2020,Evaluator 1,Effective writing style transfer via combinatorial paraphrasing,https://secartifacts.github.io/pets2020/results,https://gitlab.com/ssg-research/mlsec/parchoice/,R,README.md,,,y,y,NO: python errored out,y,,,y,,,,,,y,n,y,y,not-found,not-found,not-found,not-found,not-found,not-found,"Python, Shell",,some python packages have evolved
10,PETS 2020,Evaluator 1,Differentially Private SQL with Bounded User Contribution,https://secartifacts.github.io/pets2020/results,https://github.com/google/differential-privacy,R,README.md,,,y-but-effort,y,"code is there but points to general tool no mention of artifact evaluation, artifact in zeta-sql in examples folder, runs in 10m",y,,,,,,,,Bazel,y,y,n,n,not-found,not-found,not-found,no,not-found,not-found,"Bazel, Bazelisk, Apache Beam, Apache Spark, ZetaSQL, Java, Go, Python, C++, Kotlin, Scala",,
11,PETS 2020,Evaluator 1,Mind the Gap: Ceremonies for Applied Secret Sharing,https://secartifacts.github.io/pets2020/results,https://git-crysp.uwaterloo.ca/ckomlo/VerifiableSecretSharing,F,README.md,,,y,y,5m,,,,,,,,,,,,,,not-found,not-found,not-found,not-found,not-found,not-found,"rust, cargo, rustc 1.38.0",,code is there but points to general tool no mention of artifact evaluation
12,PETS 2020,Evaluator 1,Tandem: Securing Keys by Using a Central Server While Preserving Privacy,https://secartifacts.github.io/pets2020/results,https://github.com/spring-epfl/tandem,R,README.md,,,y,y,5m,y,,y,,,y,,,VM image,y,y,y,y,not-found,not-found,not-found,not-found,not-found,Linux (Ubuntu),"Docker, Vagrant, build-essential, libgmp-dev, libsodium-dev, libssl-dev, cmake, RELIC, libpaillier, bhjl",,
13,PETS 2020,Evaluator 1,NoMoATS: Towards Automatic Detection of Mobile Tracking,https://secartifacts.github.io/pets2020/results,https://athinagroup.eng.uci.edu/projects/nomoads/,R,README.md,,,y,y,"NO: python errored out, VMWare requires GUI",y,,,,,y,,,VM image,y,y,y,y,not-found,not-found,not-found,not-found,not-found,not-found,"NoMoAds, NoMoATS",,
14,PETS 2020,Evaluator 1,The TV is Smart and Full of Trackers: Measuring Smart TV Advertising and Tracking,https://secartifacts.github.io/pets2020/results,https://athinagroup.eng.uci.edu/projects/smarttv/,F,README.md,,,y,y,data not code,n,,,,,,,,,,,,,not-found,not-found,not-found,not-found,not-found,not-found,"Rokustic, Firetastic, FingerprinTV",,
15,PETS 2020,Evaluator 1,Secure and Scalable Document Similarity on Distributed Databases: Differential Privacy to the Rescue,https://secartifacts.github.io/pets2020/results,https://github.com/schoppmp/private-knn,R,README.md,,,y,y,NO: bazel within docker errored out due to checksum mismatch,y,y,y,,,,,,Bazel Evaluator 2: add opam,y,y,y,n,not-found,not-found,not-found,not-found,not-found,"Ubuntu, Arch, Fedora","Bazel, git, boost, boost-lib, openssl, cmake, python2, python3, docker, ocaml, libgcrypt20-dev, ocaml-findlib, opam, m4, camlp4, ocamlfind, ocamlbuild, batteries, Obliv-C",,
16,PETS 2020,Evaluator 1,Protecting Private Inputs: Bounded Distortion Guarantees With Randomised Approximations,https://secartifacts.github.io/pets2020/results,https://github.com/pahfat/PoPETs2020.git,R,README.md,,,y,y,NO: python errored out,y,,,,y,,,,,y,y,y,y,not-found,not-found,not-found,not-found,not-found,not-found,not-found,,
17,PETS 2020,Evaluator 1,When Speakers Are All Ears: Characterizing Misactivations of IoT Smart Speakers,https://secartifacts.github.io/pets2020/results,https://github.com/djdubois/smart-speakers-study,R,README.md,,,y,y,10m,y,,,,,,,,VM image,y,y,y,n,not-found,not-found,not-found,not-found,not-found,Ubuntu 20.04,"MATLAB, Python, Shell",,
18,PETS 2020,Evaluator 1,A Tale of Two Trees: One Writes and Other Reads. Optimized Oblivious Accesses to Large-Scale Blockchains,https://secartifacts.github.io/pets2020/results,https://github.com/TEE-3/T3,R,README.md,,,y,y,"requires Intel SGX_SDK stack,",n,y,,,,y,,,,y,n,,,not-found,64,not-found,not-found,bitcoind RPC,64-bit Ubuntu 18.04,"Intel SGX_SDK, Zerotrace, Bitcoin_tools, bitcoind, bitcoin-api-cpp",,
19,PETS 2020,Evaluator 1,Explaining the Technology Use Behavior of Privacy-Enhancing Technologies: The Case of Tor and JonDonym,https://secartifacts.github.io/pets2020/results,https://pape.science/paper/HPR20pets/,F,README.md,,,y,,data not code,,,,,,,,,,,,,,not-found,not-found,not-found,not-found,not-found,not-found,"Tor, JonDonym",,
20,PETS 2020,Evaluator 1,A Comparative Measurement Study of Web Tracking on Mobile and Desktop Environments,https://secartifacts.github.io/pets2020/results,https://github.com/jun521ju/PETS2020_Web_Tracking,F,README.md,,,y,n,requires GUI (Evaluator 2: also the google drive is 404),n,,,,,,,,,,,,,not-found,not-found,not-found,not-found,not-found,not-found,Firefox,,
21,PETS 2020,Evaluator 1,The Privacy Policy Landscape After the GDPR,https://secartifacts.github.io/pets2020/results,https://github.com/wi-pi/GDPR,R,README.md,,,y,y,NO: conda errored out,y,,,y,,,,,,y,y,y,y,not-found,not-found,not-found,not-found,not-found,not-found,"Anaconda, Python 3.7.1, Spacy, en_core_web_lg, Jupyter Notebook",,
,,,,,,,,,,,,,,,,,,,,,,,,,,,,,,,,,,
,,,,,,,,,,,,,,,,,,,,,,,,,,,,,,,,,,
1,ACSAC 2020,Evaluator 2,AVclass2: Massive Malware Tag Extraction from AV Labels,https://secartifacts.github.io/acsac2020/results,https://github.com/malicialab/avclass,R,,README.md,,y,y,12 min,y,,,,,,,,python package,y,y,y,y,,,,,,,Python 3,A51topo.py,
2,ACSAC 2020,Evaluator 2,Cupid : Automatic Fuzzer Selection for Collaborative Fuzzing,https://secartifacts.github.io/acsac2020/results,https://github.com/egueler/cupid-artifact-eval,R,repo is there but data not exist,README.md,,y,n," .ova missing, alternative dockerfile missing",n,,y,,,,,,.ova VM (missing),,,,,,,~100GB,,,Debian (VirtualBox image),"VirtualBox 6.1.12, Python 3.6.9+, Docker, screen",Single Machine,look for dockerfile alterniative in fineprint
3,ACSAC 2020,Evaluator 2,DPIFuzz: A Differential Fuzzing Framework to Detect DPI Elusion Strategies for QUIC,https://secartifacts.github.io/acsac2020/results,https://github.com/piano-man/DPIFuzz,R,,README.md,,y,y,51 min,y,,y,,,y,,,,y,n,y,n,,,,,,Linux,"tcpdump, docker, gcc, go, openssl",A51topo.py,"install docker, install golang, setup $GOPATH"
4,ACSAC 2020,Evaluator 2,Faulty Point Unit: ABI Poisoning Attacks on Intel SGX,https://secartifacts.github.io/acsac2020/results,https://github.com/fritzalder/faulty-point-unit,R,,README.md,,y,y,Require Intel CPU,n,,y,,,,,,,n,y,,,Intel processor with SGX support,8 threads,,,,Ubuntu 18.04 LTS,"Docker, Intel SGX-SDK",A51topo.py,"Install Docker, login to docker"
5,ACSAC 2020,Evaluator 2,HeapExpo: Pinpointing Promoted Pointers to Prevent Use-After-Free Vulnerabilities,https://secartifacts.github.io/acsac2020/results,https://github.com/messlabnyu/heap-expo/,R,,README.md,,y,n,NO: require unmentioned paid-to-access dataset to complete,y,y,,,,y,,,,n,n,n,n,16 cores,,22GB,,,Linux (Ubuntu 16.04),"Docker, llvm-10",,
6,ACSAC 2020,Evaluator 2,Practical Fine-Grained Binary Code Randomization+,https://secartifacts.github.io/acsac2020/results,http://seclab.cs.sunysb.edu/soumyakant/acsac-artifact.tar.gz,R,tar.gz bulk download without descriptive files,README.pdf,,y,y,require Virtualbox .ova vm install,n,,,,,,,,.ova VM,,,,,,,11GB,,,,,,
7,ACSAC 2020,Evaluator 2,RusTEE: Developing Memory-Safe ARM TrustZone Applications,https://secartifacts.github.io/acsac2020/results,https://github.com/sccommunity/rust-optee-trustzone-sdk,R,,README.md,,y,y,26 min,y,y,,,,y,,,,n,y,y,n,aarch64 or x86_64,,,,,Linux,"Docker, Rust, OP-TEE",A7topo.py,install docker
8,ACSAC 2020,Evaluator 2,SAIBERSOC: Synthetic Attack Injection to Benchmark and Evaluate the Performance of Security Operation Centers,https://secartifacts.github.io/acsac2020/results,https://gitlab.tue.nl/saibersoc/acsac2020-artifacts/,R,,README.md,,y,y,require Virtualbox .ova vm install,n,,,,,,,,.ova VM,,,,,,,,,,VirtualBox VM,"VirtualBox, Docker",Single Machine,
9,ACSAC 2020,Evaluator 2,Understanding User Perceptions of Security and Privacy for Group Chat: A Survey of Users in the US and UK,https://secartifacts.github.io/acsac2020/results,https://bitbucket.org/user-lab/oesch2020understanding/src/master/,R,,README.md,,y,y,12 min,y,,,,,,,,pipenv,y,n,n,n,,,,,,,"python >=3.8, pipenv",A51topo.py,install pipenv
10,ACSAC 2020,Evaluator 2,Up2Dep: Android Tool Support to Fix Insecure Code Dependencies,https://secartifacts.github.io/acsac2020/results,https://github.com/ngcuongst/up2dep,R,,README.md,,y,y,Require Andorid studio and GUI,n,,,,,,,,gui install,n,,,,,,,,,"Linux, Mac OS, Windows","Android Studio, Java JDK",,
,,,,,,,,,,,,,,,,,,,,,,,,,,,,,,,,,,
,,,,,,,,,,,,,,,,,,,,,,,,,,,,,,,,,,
,,,,,,,,,,,,,,,,,,,,,,,,,,,,,,,,,,
,,,,,,,,,,,,,,,,,,,,,,,,,,,,,,,,,,
,,,,,,,,,2,,,,,,,,,,,,,,,,,,,,,,,,,